<ImportExportXml xmlns:xsi="http://www.w3.org/2001/XMLSchema-instance">
  <Entities>
    <Entity>
      <Name LocalizedName="Contact" OriginalName="">Contact</Name>
      <EntityInfo>
        <entity Name="Contact">
          <attributes>
            <attribute PhysicalName="fjo_rowversion">
              <Type>nvarchar</Type>
              <Name>fjo_rowversion</Name>
              <LogicalName>fjo_rowversion</LogicalName>
              <RequiredLevel>none</RequiredLevel>
              <DisplayMask>ValidForAdvancedFind|ValidForForm|ValidForGrid</DisplayMask>
              <ImeMode>auto</ImeMode>
              <ValidForUpdateApi>1</ValidForUpdateApi>
              <ValidForReadApi>1</ValidForReadApi>
              <ValidForCreateApi>1</ValidForCreateApi>
              <IsCustomField>1</IsCustomField>
              <IsAuditEnabled>1</IsAuditEnabled>
              <IsSecured>0</IsSecured>
              <IntroducedVersion>1.0.0.0</IntroducedVersion>
              <IsCustomizable>1</IsCustomizable>
              <IsRenameable>1</IsRenameable>
              <CanModifySearchSettings>1</CanModifySearchSettings>
              <CanModifyRequirementLevelSettings>1</CanModifyRequirementLevelSettings>
              <CanModifyAdditionalSettings>1</CanModifyAdditionalSettings>
              <SourceType>0</SourceType>
              <IsGlobalFilterEnabled>0</IsGlobalFilterEnabled>
              <IsSortableEnabled>0</IsSortableEnabled>
              <CanModifyGlobalFilterSettings>1</CanModifyGlobalFilterSettings>
              <CanModifyIsSortableSettings>1</CanModifyIsSortableSettings>
              <IsDataSourceSecret>0</IsDataSourceSecret>
              <Format>text</Format>
              <MaxLength>100</MaxLength>
              <Length>200</Length>
              <displaynames>
                <displayname description="Row Version" languagecode="1033" />
              </displaynames>
              <Descriptions>
                <Description description="" languagecode="1033" />
              </Descriptions>
            </attribute>
          </attributes>
        </entity>
      </EntityInfo>
      <FormXml>
        <forms type="main">
          <systemform>
            <formid>{b3128e7e-c8c5-4f04-a6f8-338b612b2409}</formid>
            <IntroducedVersion>1.0.0.0</IntroducedVersion>
            <FormPresentation>1</FormPresentation>
            <FormActivationState>1</FormActivationState>
            <form showImage="true" shownavigationbar="true" maxWidth="1920">
              <ancestor id="{1fed44d1-ae68-4a41-bd2b-f13acac4acfa}" />
              <hiddencontrols>
                <data id="fullname" datafieldname="fullname" classid="{5546E6CD-394C-4bee-94A8-4425E17EF6C6}" />
                <data id="address1_addressid" datafieldname="address1_addressid" classid="{5546E6CD-394C-4bee-94A8-4425E17EF6C6}" />
                <data id="address2_addressid" datafieldname="address2_addressid" classid="{5546E6CD-394C-4bee-94A8-4425E17EF6C6}" />
              </hiddencontrols>
              <tabs>
                <tab name="SUMMARY_TAB" id="{15bb2d4b-71da-74ea-3c5b-e497d78a55a2}" IsUserDefined="0" showlabel="true" expanded="true" locklevel="0" labelid="{d6026ea3-ef7b-450f-8dd4-84f4a0fd1bb7}">
                  <labels>
                    <label description="Summary" languagecode="1033" />
                  </labels>
                  <columns>
                    <column width="100%">
                      <sections>
                        <section name="CONTACT_INFORMATION" showlabel="true" showbar="false" id="{9d943649-0387-1882-caa1-36de40d5a86c}" IsUserDefined="0" layout="varwidth" columns="1" labelwidth="115" celllabelposition="Left" labelid="{053b2c05-7c82-40fc-82cc-73424bae390a}">
                          <labels>
                            <label description="CONTACT INFORMATION" languagecode="1033" />
                          </labels>
                          <rows>
                            <row>
                              <cell id="{6b8715a9-43ce-788d-d576-e93db67ada63}" showlabel="true" locklevel="0" labelid="{455bd17c-cdb4-4055-b836-05b7e081e933}">
                                <labels>
                                  <label description="" languagecode="1033" />
                                </labels>
                                <control id="lastname" classid="{4273EDBD-AC1D-40d3-9FB2-095C621B552D}" datafieldname="lastname" disabled="false" />
                              </cell>
                            </row>
                            <row>
                              <cell id="{9dd006c7-b611-a9cb-2e04-b89a73d1786a}" showlabel="true" locklevel="0" labelid="{9003bdbc-3258-4d62-b20a-87fcc604e538}">
                                <labels>
                                  <label description="" languagecode="1033" />
                                </labels>
                                <control id="firstname" classid="{4273EDBD-AC1D-40d3-9FB2-095C621B552D}" datafieldname="firstname" disabled="false" />
                              </cell>
                            </row>
                            <row>
                              <cell id="{7d538a97-98eb-b438-72de-57a808b9a308}" showlabel="true" labelid="{0f1cba80-2b53-4106-b2b1-bfbddb204f85}">
                                <labels>
                                  <label description="" languagecode="1033" />
                                </labels>
                                <control id="emailaddress1" classid="{ADA2203E-B4CD-49be-9DDF-234642B43B52}" datafieldname="emailaddress1" disabled="false" />
                              </cell>
                            </row>
                            <row>
                              <cell id="{4652e4a1-3132-c85b-a510-28067bb8e5b4}" showlabel="true" locklevel="0" visible="false">
                                <labels>
                                  <label description="" languagecode="1033" />
                                </labels>
                                <control id="fjo_rowversion" classid="{4273EDBD-AC1D-40d3-9FB2-095C621B552D}" datafieldname="fjo_rowversion" disabled="false" uniqueid="{82bee49d-565e-5377-1e7c-14b17e315457}" />
                              </cell>
                            </row>
                          </rows>
                        </section>
                      </sections>
                    </column>
                  </columns>
                </tab>
              </tabs>
              <header id="{3ff9aa06-4e43-41ce-afa9-22a038af5c19}" celllabelposition="Top" columns="1" labelwidth="115">
                <rows>
                  <row>
                    <cell id="{24be01cc-16a6-8eea-8916-42d20a1097ae}" showlabel="true" locklevel="1" labelid="{7692f3bb-b551-4dd2-87db-5299c3513332}">
                      <labels>
                        <label description="" languagecode="1033" />
                      </labels>
                      <control id="header_ownerid" classid="{270BD3DB-D9AF-4782-9025-509E298DEC0A}" datafieldname="ownerid" />
                    </cell>
                  </row>
                </rows>
              </header>
              <clientresources>
                <internalresources>
                  <clientincludes>
                    <internaljscriptfile src="$webresource:AppCommon/Contact/Contact_main_system_library.js" />
                  </clientincludes>
                </internalresources>
              </clientresources>
              <events>
                <event name="onload" application="true" active="true">
                  <InternalHandlers>
                    <Handler functionName="AppCommon.Contact.Instance.form_onload" libraryName="AppCommon/Contact/Contact_main_system_library.js" handlerUniqueId="4ea24ebd-795d-434e-af94-6812c3867b54" enabled="true" />
                  </InternalHandlers>
                </event>
                <event name="onsave" application="false" active="false">
                  <Handlers>
                    <Handler functionName="onSave" libraryName="fjo_/Js/Contact/Concurrency.js" handlerUniqueId="{ae1a317e-4801-d187-cd1a-52a945d0617a}" enabled="true" parameters="" passExecutionContext="true" />
                  </Handlers>
                </event>
              </events>
              <Navigation>
                <NavBar>
                  <NavBarByRelationshipItem RelationshipName="invoice_customer_contacts" Id="navInvoices" Sequence="10" Area="Info" Show="false">
                    <Privileges>
                      <Privilege Entity="" Privilege="ReadActivity" />
                    </Privileges>
                    <Titles>
                      <Title LCID="1033" Text="Invoice" />
                      <Title LCID="1025" Text="الفاتورة" />
                      <Title LCID="1026" Text="Фактура" />
                      <Title LCID="1027" Text="Factura" />
                      <Title LCID="1029" Text="Faktura" />
                      <Title LCID="1030" Text="Faktura" />
                      <Title LCID="1031" Text="Rechnung" />
                      <Title LCID="1032" Text="Τιμολόγιο" />
                      <Title LCID="3082" Text="Factura" />
                      <Title LCID="1061" Text="Arve" />
                      <Title LCID="1069" Text="Faktura" />
                      <Title LCID="1035" Text="Lasku" />
                      <Title LCID="1036" Text="Facture" />
                      <Title LCID="1110" Text="Factura" />
                      <Title LCID="1037" Text="חשבונית" />
                      <Title LCID="1081" Text="इनवॉइस" />
                      <Title LCID="1050" Text="Faktura" />
                      <Title LCID="1038" Text="Számla" />
                      <Title LCID="1057" Text="Faktur" />
                      <Title LCID="1040" Text="Fattura" />
                      <Title LCID="1041" Text="請求書" />
                      <Title LCID="1087" Text="Есеп-шот" />
                      <Title LCID="1042" Text="송장" />
                      <Title LCID="1063" Text="Sąskaita faktūra" />
                      <Title LCID="1062" Text="Rēķins" />
                      <Title LCID="1086" Text="Invois" />
                      <Title LCID="1044" Text="Faktura" />
                      <Title LCID="1043" Text="Factuur" />
                      <Title LCID="1045" Text="Faktura" />
                      <Title LCID="1046" Text="Fatura" />
                      <Title LCID="2070" Text="Fatura" />
                      <Title LCID="1048" Text="Factură" />
                      <Title LCID="1049" Text="Счет" />
                      <Title LCID="1051" Text="Faktúra" />
                      <Title LCID="1060" Text="Račun" />
                      <Title LCID="10266" Text="Фактура" />
                      <Title LCID="9242" Text="Faktura" />
                      <Title LCID="1053" Text="Faktura" />
                      <Title LCID="1054" Text="ใบแจ้งหนี้" />
                      <Title LCID="1055" Text="Fatura" />
                      <Title LCID="1058" Text="Рахунок" />
                      <Title LCID="1066" Text="Hóa đơn" />
                      <Title LCID="2052" Text="发票" />
                      <Title LCID="3076" Text="發票" />
                      <Title LCID="1028" Text="發票" />
                    </Titles>
                  </NavBarByRelationshipItem>
                  <NavBarByRelationshipItem RelationshipName="order_customer_contacts" Id="navOrders" Sequence="10" Area="Info" Show="false">
                    <Privileges>
                      <Privilege Entity="" Privilege="ReadActivity" />
                    </Privileges>
                    <Titles>
                      <Title LCID="1033" Text="SalesOrder" />
                      <Title LCID="1025" Text="أمر المبيعات" />
                      <Title LCID="1026" Text="SalesOrder" />
                      <Title LCID="1027" Text="Comanda de vendes" />
                      <Title LCID="1029" Text="Prodejní objednávka" />
                      <Title LCID="1030" Text="SalesOrder" />
                      <Title LCID="1031" Text="Vertriebsauftrag" />
                      <Title LCID="1032" Text="SalesOrder" />
                      <Title LCID="3082" Text="Pedido de venta" />
                      <Title LCID="1061" Text="SalesOrder" />
                      <Title LCID="1069" Text="SalesOrder" />
                      <Title LCID="1035" Text="Myyntitilaus" />
                      <Title LCID="1036" Text="Commande client" />
                      <Title LCID="1110" Text="SalesOrder" />
                      <Title LCID="1037" Text="SalesOrder" />
                      <Title LCID="1081" Text="SalesOrder" />
                      <Title LCID="1050" Text="SalesOrder" />
                      <Title LCID="1038" Text="SalesOrder" />
                      <Title LCID="1057" Text="SalesOrder" />
                      <Title LCID="1040" Text="Ordine cliente" />
                      <Title LCID="1041" Text="SalesOrder" />
                      <Title LCID="1087" Text="SalesOrder" />
                      <Title LCID="1042" Text="SalesOrder" />
                      <Title LCID="1063" Text="Pardavimo užsakymas" />
                      <Title LCID="1062" Text="SalesOrder" />
                      <Title LCID="1086" Text="SalesOrder" />
                      <Title LCID="1044" Text="Salgsordre" />
                      <Title LCID="1043" Text="Verkooporder" />
                      <Title LCID="1045" Text="SalesOrder" />
                      <Title LCID="1046" Text="SalesOrder" />
                      <Title LCID="2070" Text="SalesOrder" />
                      <Title LCID="1048" Text="SalesOrder" />
                      <Title LCID="1049" Text="SalesOrder" />
                      <Title LCID="1051" Text="SalesOrder" />
                      <Title LCID="1060" Text="SalesOrder" />
                      <Title LCID="10266" Text="SalesOrder" />
                      <Title LCID="9242" Text="SalesOrder" />
                      <Title LCID="1053" Text="Försäljningsorder" />
                      <Title LCID="1054" Text="ใบสั่งขาย" />
                      <Title LCID="1055" Text="SalesOrder" />
                      <Title LCID="1058" Text="Замовлення на продаж" />
                      <Title LCID="1066" Text="SalesOrder" />
                      <Title LCID="2052" Text="SalesOrder" />
                      <Title LCID="3076" Text="SalesOrder" />
                      <Title LCID="1028" Text="SalesOrder" />
                    </Titles>
                  </NavBarByRelationshipItem>
                  <NavBarByRelationshipItem RelationshipName="quote_customer_contacts" Id="navQuotes" Sequence="10" Area="Info" Show="false">
                    <Privileges>
                      <Privilege Entity="" Privilege="ReadActivity" />
                    </Privileges>
                    <Titles>
                      <Title LCID="1033" Text="Quote" />
                      <Title LCID="1025" Text="عرض الأسعار" />
                      <Title LCID="1026" Text="Оферта" />
                      <Title LCID="1027" Text="Oferta" />
                      <Title LCID="1029" Text="Nabídka" />
                      <Title LCID="1030" Text="Tilbud" />
                      <Title LCID="1031" Text="Angebot" />
                      <Title LCID="1032" Text="Προσφορά" />
                      <Title LCID="3082" Text="Oferta" />
                      <Title LCID="1061" Text="Hinnapakkumine" />
                      <Title LCID="1069" Text="Eskaintza" />
                      <Title LCID="1035" Text="Tarjous" />
                      <Title LCID="1036" Text="Devis" />
                      <Title LCID="1110" Text="Oferta" />
                      <Title LCID="1037" Text="הצעת מחיר" />
                      <Title LCID="1081" Text="कोट" />
                      <Title LCID="1050" Text="Ponuda" />
                      <Title LCID="1038" Text="Árajánlat" />
                      <Title LCID="1057" Text="Kuotasi" />
                      <Title LCID="1040" Text="Offerta" />
                      <Title LCID="1041" Text="見積もり" />
                      <Title LCID="1087" Text="Баға ұсыну" />
                      <Title LCID="1042" Text="견적" />
                      <Title LCID="1063" Text="Pasiūlymas" />
                      <Title LCID="1062" Text="Piedāvājums" />
                      <Title LCID="1086" Text="Sebut Harga" />
                      <Title LCID="1044" Text="Tilbud" />
                      <Title LCID="1043" Text="Prijsopgave" />
                      <Title LCID="1045" Text="Oferta" />
                      <Title LCID="1046" Text="Cotação" />
                      <Title LCID="2070" Text="Proposta" />
                      <Title LCID="1048" Text="Ofertă" />
                      <Title LCID="1049" Text="Предложение с расценками" />
                      <Title LCID="1051" Text="Cenová ponuka" />
                      <Title LCID="1060" Text="Ponudba" />
                      <Title LCID="10266" Text="Понуда" />
                      <Title LCID="9242" Text="Ponuda" />
                      <Title LCID="1053" Text="Offert" />
                      <Title LCID="1054" Text="ใบเสนอราคา" />
                      <Title LCID="1055" Text="Teklif" />
                      <Title LCID="1058" Text="Цінова пропозиція" />
                      <Title LCID="1066" Text="Báo giá" />
                      <Title LCID="2052" Text="报价单" />
                      <Title LCID="3076" Text="報價" />
                      <Title LCID="1028" Text="報價" />
                    </Titles>
                  </NavBarByRelationshipItem>
                  <NavBarByRelationshipItem RelationshipName="Contact_CustomerAddress" Id="navAddresses" Sequence="10" Area="Info" Show="false">
                    <Privileges>
                      <Privilege Entity="" Privilege="ReadActivity" />
                    </Privileges>
                    <Titles>
                      <Title LCID="1033" Text="Addresses" />
                      <Title LCID="1025" Text="العناوين" />
                      <Title LCID="1026" Text="Адреси" />
                      <Title LCID="1027" Text="Adreces" />
                      <Title LCID="1029" Text="Adresy" />
                      <Title LCID="1030" Text="Adresser" />
                      <Title LCID="1031" Text="Adressen" />
                      <Title LCID="1032" Text="Διευθύνσεις" />
                      <Title LCID="3082" Text="Direcciones" />
                      <Title LCID="1061" Text="Aadressid" />
                      <Title LCID="1069" Text="Helbideak" />
                      <Title LCID="1035" Text="Osoitteet" />
                      <Title LCID="1036" Text="Adresses" />
                      <Title LCID="1110" Text="Enderezos" />
                      <Title LCID="1037" Text="כתובות" />
                      <Title LCID="1081" Text="पते" />
                      <Title LCID="1050" Text="Adrese" />
                      <Title LCID="1038" Text="Címek" />
                      <Title LCID="1057" Text="Alamat" />
                      <Title LCID="1040" Text="Indirizzi" />
                      <Title LCID="1041" Text="住所" />
                      <Title LCID="1087" Text="Мекенжайлар" />
                      <Title LCID="1042" Text="주소" />
                      <Title LCID="1063" Text="Adresai" />
                      <Title LCID="1062" Text="Adreses" />
                      <Title LCID="1086" Text="Alamat" />
                      <Title LCID="1044" Text="Adresser" />
                      <Title LCID="1043" Text="Adressen" />
                      <Title LCID="1045" Text="Adresy" />
                      <Title LCID="1046" Text="Endereços" />
                      <Title LCID="2070" Text="Endereços" />
                      <Title LCID="1048" Text="Adrese" />
                      <Title LCID="1049" Text="Адреса" />
                      <Title LCID="1051" Text="Adresy" />
                      <Title LCID="1060" Text="Naslovi" />
                      <Title LCID="10266" Text="Адресе" />
                      <Title LCID="9242" Text="Adrese" />
                      <Title LCID="1053" Text="Adresser" />
                      <Title LCID="1054" Text="ที่อยู่" />
                      <Title LCID="1055" Text="Adresler" />
                      <Title LCID="1058" Text="Адреси" />
                      <Title LCID="1066" Text="Địa chỉ" />
                      <Title LCID="2052" Text="地址" />
                      <Title LCID="3076" Text="地址" />
                      <Title LCID="1028" Text="地址" />
                    </Titles>
                  </NavBarByRelationshipItem>
                  <NavBarByRelationshipItem RelationshipName="contact_customer_contacts" Id="navSubConts" Sequence="10" Area="Info" Show="false">
                    <Privileges>
                      <Privilege Entity="" Privilege="ReadActivity" />
                    </Privileges>
                    <Titles>
                      <Title LCID="1033" Text="Contacts" />
                      <Title LCID="1025" Text="جهات الاتصال" />
                      <Title LCID="1026" Text="Контакти" />
                      <Title LCID="1027" Text="Contactes" />
                      <Title LCID="1029" Text="Kontakty" />
                      <Title LCID="1030" Text="Kontakter" />
                      <Title LCID="1031" Text="Kontakte" />
                      <Title LCID="1032" Text="Επαφές" />
                      <Title LCID="3082" Text="Contactos" />
                      <Title LCID="1061" Text="Kontaktid" />
                      <Title LCID="1069" Text="Kontaktuak" />
                      <Title LCID="1035" Text="Yhteyshenkilöt" />
                      <Title LCID="1036" Text="Contacts" />
                      <Title LCID="1110" Text="Contactos" />
                      <Title LCID="1037" Text="אנשי קשר" />
                      <Title LCID="1081" Text="संपर्क" />
                      <Title LCID="1050" Text="Kontakti" />
                      <Title LCID="1038" Text="Kapcsolattartók" />
                      <Title LCID="1057" Text="Kontak" />
                      <Title LCID="1040" Text="Contatti" />
                      <Title LCID="1041" Text="取引先担当者" />
                      <Title LCID="1087" Text="Контактілер" />
                      <Title LCID="1042" Text="연락처" />
                      <Title LCID="1063" Text="Kontaktai" />
                      <Title LCID="1062" Text="Kontaktpersonas" />
                      <Title LCID="1086" Text="Kenalan" />
                      <Title LCID="1044" Text="Kontakter" />
                      <Title LCID="1043" Text="Contactpersonen" />
                      <Title LCID="1045" Text="Kontakty" />
                      <Title LCID="1046" Text="Contatos" />
                      <Title LCID="2070" Text="Contactos" />
                      <Title LCID="1048" Text="Persoane de contact" />
                      <Title LCID="1049" Text="Контакты" />
                      <Title LCID="1051" Text="Kontakty" />
                      <Title LCID="1060" Text="Stiki" />
                      <Title LCID="10266" Text="Контакти" />
                      <Title LCID="9242" Text="Kontakti" />
                      <Title LCID="1053" Text="Kontakter" />
                      <Title LCID="1054" Text="ผู้ติดต่อ" />
                      <Title LCID="1055" Text="İlgili Kişiler" />
                      <Title LCID="1058" Text="Контактні особи" />
                      <Title LCID="1066" Text="Người liên hệ" />
                      <Title LCID="2052" Text="联系人" />
                      <Title LCID="3076" Text="連絡人" />
                      <Title LCID="1028" Text="連絡人" />
                    </Titles>
                  </NavBarByRelationshipItem>
                  <NavBarByRelationshipItem RelationshipName="contact_customer_relationship_customer" Id="navRelationships" Sequence="10" Area="Info" Show="false">
                    <Privileges>
                      <Privilege Entity="" Privilege="ReadActivity" />
                    </Privileges>
                    <Titles>
                      <Title LCID="1033" Text="CustomerRelationship" />
                      <Title LCID="1025" Text="CustomerRelationship" />
                      <Title LCID="1026" Text="CustomerRelationship" />
                      <Title LCID="1027" Text="CustomerRelationship" />
                      <Title LCID="1029" Text="CustomerRelationship" />
                      <Title LCID="1030" Text="CustomerRelationship" />
                      <Title LCID="1031" Text="CustomerRelationship" />
                      <Title LCID="1032" Text="CustomerRelationship" />
                      <Title LCID="3082" Text="CustomerRelationship" />
                      <Title LCID="1061" Text="CustomerRelationship" />
                      <Title LCID="1069" Text="CustomerRelationship" />
                      <Title LCID="1035" Text="CustomerRelationship" />
                      <Title LCID="1036" Text="CustomerRelationship" />
                      <Title LCID="1110" Text="CustomerRelationship" />
                      <Title LCID="1037" Text="CustomerRelationship" />
                      <Title LCID="1081" Text="CustomerRelationship" />
                      <Title LCID="1050" Text="CustomerRelationship" />
                      <Title LCID="1038" Text="CustomerRelationship" />
                      <Title LCID="1057" Text="CustomerRelationship" />
                      <Title LCID="1040" Text="CustomerRelationship" />
                      <Title LCID="1041" Text="CustomerRelationship" />
                      <Title LCID="1087" Text="CustomerRelationship" />
                      <Title LCID="1042" Text="CustomerRelationship" />
                      <Title LCID="1063" Text="CustomerRelationship" />
                      <Title LCID="1062" Text="CustomerRelationship" />
                      <Title LCID="1086" Text="CustomerRelationship" />
                      <Title LCID="1044" Text="CustomerRelationship" />
                      <Title LCID="1043" Text="CustomerRelationship" />
                      <Title LCID="1045" Text="CustomerRelationship" />
                      <Title LCID="1046" Text="CustomerRelationship" />
                      <Title LCID="2070" Text="CustomerRelationship" />
                      <Title LCID="1048" Text="CustomerRelationship" />
                      <Title LCID="1049" Text="CustomerRelationship" />
                      <Title LCID="1051" Text="CustomerRelationship" />
                      <Title LCID="1060" Text="CustomerRelationship" />
                      <Title LCID="10266" Text="CustomerRelationship" />
                      <Title LCID="9242" Text="CustomerRelationship" />
                      <Title LCID="1053" Text="CustomerRelationship" />
                      <Title LCID="1054" Text="CustomerRelationship" />
                      <Title LCID="1055" Text="CustomerRelationship" />
                      <Title LCID="1058" Text="CustomerRelationship" />
                      <Title LCID="1066" Text="CustomerRelationship" />
                      <Title LCID="2052" Text="CustomerRelationship" />
                      <Title LCID="3076" Text="CustomerRelationship" />
                      <Title LCID="1028" Text="CustomerRelationship" />
                    </Titles>
                  </NavBarByRelationshipItem>
                  <NavBarByRelationshipItem RelationshipName="hardcoded_{B7196B13-6B9D-42CD-BD58-B19A3953126F}navAsyncOperations" Sequence="9500" Area="ProcessCenter" Id="navAsyncOperations" Show="false">
                    <Titles>
                      <Title LCID="1033" Text="Workflows" />
                      <Title LCID="1025" Text="عمليات سير العمل" />
                      <Title LCID="1026" Text="Работни потоци" />
                      <Title LCID="1027" Text="Fluxos de treball" />
                      <Title LCID="1029" Text="Pracovní postupy" />
                      <Title LCID="1030" Text="Arbejdsprocesser" />
                      <Title LCID="1031" Text="Workflows" />
                      <Title LCID="1032" Text="Ροές εργασιών" />
                      <Title LCID="3082" Text="Flujos de trabajo" />
                      <Title LCID="1061" Text="Töövood" />
                      <Title LCID="1069" Text="Lan-fluxuak" />
                      <Title LCID="1035" Text="Työnkulut" />
                      <Title LCID="1036" Text="Workflows" />
                      <Title LCID="1110" Text="Fluxos de traballo" />
                      <Title LCID="1037" Text="זרימות עבודה" />
                      <Title LCID="1081" Text="कार्य प्रवाह" />
                      <Title LCID="1050" Text="Tjekovi rada" />
                      <Title LCID="1038" Text="Munkafolyamatok" />
                      <Title LCID="1057" Text="Alur Kerja" />
                      <Title LCID="1040" Text="Flussi di lavoro" />
                      <Title LCID="1041" Text="ワークフロー" />
                      <Title LCID="1087" Text="Жұмыс ағындары" />
                      <Title LCID="1042" Text="워크플로" />
                      <Title LCID="1063" Text="Darbo eigos" />
                      <Title LCID="1062" Text="Darbplūsmas" />
                      <Title LCID="1086" Text="Aliran Kerja" />
                      <Title LCID="1044" Text="Arbeidsflyter" />
                      <Title LCID="1043" Text="Werkstromen" />
                      <Title LCID="1045" Text="Przepływy pracy" />
                      <Title LCID="1046" Text="Fluxos de Trabalho" />
                      <Title LCID="2070" Text="Fluxos de Trabalho" />
                      <Title LCID="1048" Text="Fluxuri de lucru" />
                      <Title LCID="1049" Text="Бизнес-процессы" />
                      <Title LCID="1051" Text="Pracovné postupy" />
                      <Title LCID="1060" Text="Poteki dela" />
                      <Title LCID="10266" Text="Токови посла" />
                      <Title LCID="9242" Text="Tokovi posla" />
                      <Title LCID="1053" Text="Arbetsflöden" />
                      <Title LCID="1054" Text="เวิร์กโฟลว์" />
                      <Title LCID="1055" Text="İş Akışları" />
                      <Title LCID="1058" Text="Робочі цикли" />
                      <Title LCID="1066" Text="Quy trình làm việc" />
                      <Title LCID="2052" Text="工作流" />
                      <Title LCID="3076" Text="工作流程" />
                      <Title LCID="1028" Text="工作流程" />
                    </Titles>
                  </NavBarByRelationshipItem>
                  <NavBarByRelationshipItem RelationshipName="hardcoded_{B7196B13-6B9D-42CD-BD58-B19A3953126F}navProcessSessions" Sequence="9700" Area="ProcessCenter" Id="navProcessSessions" Show="false">
                    <Titles>
                      <Title LCID="1033" Text="Dialog Sessions" />
                      <Title LCID="1025" Text="جلسات عمل الحوار" />
                      <Title LCID="1026" Text="Диалогови сесии" />
                      <Title LCID="1027" Text="Sessions del diàleg" />
                      <Title LCID="1029" Text="Relace dialogů" />
                      <Title LCID="1030" Text="Dialogsessioner" />
                      <Title LCID="1031" Text="Dialogsitzungen" />
                      <Title LCID="1032" Text="Περίοδοι λειτουργίας παραθύρου διαλόγου" />
                      <Title LCID="3082" Text="Sesiones de diálogo" />
                      <Title LCID="1061" Text="Dialoogiseansid" />
                      <Title LCID="1069" Text="Elkarrizketa-saioak" />
                      <Title LCID="1035" Text="Dialogi-istunnot" />
                      <Title LCID="1036" Text="Sessions de dialogue" />
                      <Title LCID="1110" Text="Sesións de diálogo" />
                      <Title LCID="1037" Text="הפעלות דו-שיח" />
                      <Title LCID="1081" Text="संवाद सत्र" />
                      <Title LCID="1050" Text="Sesije dijaloga" />
                      <Title LCID="1038" Text="Párbeszéd-munkamenetek" />
                      <Title LCID="1057" Text="Sesi Dialog" />
                      <Title LCID="1040" Text="Sessioni di interazione" />
                      <Title LCID="1041" Text="ダイアログ セッション" />
                      <Title LCID="1087" Text="Диалог сеанстары" />
                      <Title LCID="1042" Text="대화 세션" />
                      <Title LCID="1063" Text="Dialogo seansai" />
                      <Title LCID="1062" Text="Dialogu sesijas" />
                      <Title LCID="1086" Text="Sesi Dialog" />
                      <Title LCID="1044" Text="Dialogøkter" />
                      <Title LCID="1043" Text="Dialoogvenstersessies" />
                      <Title LCID="1045" Text="Sesje dialogowe" />
                      <Title LCID="1046" Text="Sessões de Diálogo" />
                      <Title LCID="2070" Text="Sessões de Diálogo" />
                      <Title LCID="1048" Text="Sesiuni de dialog" />
                      <Title LCID="1049" Text="Сеансы диалогового окна" />
                      <Title LCID="1051" Text="Relácie dialógového okna" />
                      <Title LCID="1060" Text="Seje dialoga" />
                      <Title LCID="10266" Text="Сесије дијалога" />
                      <Title LCID="9242" Text="Sesije dijaloga" />
                      <Title LCID="1053" Text="Dialogsessioner" />
                      <Title LCID="1054" Text="เซสชันของกล่องโต้ตอบ" />
                      <Title LCID="1055" Text="Diyalog Oturumları" />
                      <Title LCID="1058" Text="Сеанси діалогу" />
                      <Title LCID="1066" Text="Phiên hộp thoại" />
                      <Title LCID="2052" Text="对话会话" />
                      <Title LCID="3076" Text="對話方塊工作階段" />
                      <Title LCID="1028" Text="對話方塊工作階段" />
                    </Titles>
                  </NavBarByRelationshipItem>
                </NavBar>
                <NavBarAreas>
                  <NavBarArea Id="Info">
                    <Titles>
                      <Title LCID="1033" Text="Common" />
                      <Title LCID="1025" Text="Common" />
                      <Title LCID="1026" Text="Common" />
                      <Title LCID="1027" Text="Common" />
                      <Title LCID="1029" Text="Common" />
                      <Title LCID="1030" Text="Common" />
                      <Title LCID="1031" Text="Common" />
                      <Title LCID="1032" Text="Common" />
                      <Title LCID="3082" Text="Common" />
                      <Title LCID="1061" Text="Common" />
                      <Title LCID="1069" Text="Common" />
                      <Title LCID="1035" Text="Common" />
                      <Title LCID="1036" Text="Common" />
                      <Title LCID="1110" Text="Common" />
                      <Title LCID="1037" Text="Common" />
                      <Title LCID="1081" Text="Common" />
                      <Title LCID="1050" Text="Common" />
                      <Title LCID="1038" Text="Common" />
                      <Title LCID="1057" Text="Common" />
                      <Title LCID="1040" Text="Common" />
                      <Title LCID="1041" Text="Common" />
                      <Title LCID="1087" Text="Common" />
                      <Title LCID="1042" Text="Common" />
                      <Title LCID="1063" Text="Common" />
                      <Title LCID="1062" Text="Common" />
                      <Title LCID="1086" Text="Common" />
                      <Title LCID="1044" Text="Common" />
                      <Title LCID="1043" Text="Common" />
                      <Title LCID="1045" Text="Common" />
                      <Title LCID="1046" Text="Common" />
                      <Title LCID="2070" Text="Common" />
                      <Title LCID="1048" Text="Common" />
                      <Title LCID="1049" Text="Common" />
                      <Title LCID="1051" Text="Common" />
                      <Title LCID="1060" Text="Common" />
                      <Title LCID="10266" Text="Common" />
                      <Title LCID="9242" Text="Common" />
                      <Title LCID="1053" Text="Common" />
                      <Title LCID="1054" Text="Common" />
                      <Title LCID="1055" Text="Common" />
                      <Title LCID="1058" Text="Common" />
                      <Title LCID="1066" Text="Common" />
                      <Title LCID="2052" Text="Common" />
                      <Title LCID="3076" Text="Common" />
                      <Title LCID="1028" Text="Common" />
                    </Titles>
                  </NavBarArea>
                  <NavBarArea Id="Sales">
                    <Titles>
                      <Title LCID="1033" Text="Sales" />
                      <Title LCID="1025" Text="Sales" />
                      <Title LCID="1026" Text="Sales" />
                      <Title LCID="1027" Text="Sales" />
                      <Title LCID="1029" Text="Sales" />
                      <Title LCID="1030" Text="Sales" />
                      <Title LCID="1031" Text="Sales" />
                      <Title LCID="1032" Text="Sales" />
                      <Title LCID="3082" Text="Sales" />
                      <Title LCID="1061" Text="Sales" />
                      <Title LCID="1069" Text="Sales" />
                      <Title LCID="1035" Text="Sales" />
                      <Title LCID="1036" Text="Sales" />
                      <Title LCID="1110" Text="Sales" />
                      <Title LCID="1037" Text="Sales" />
                      <Title LCID="1081" Text="Sales" />
                      <Title LCID="1050" Text="Sales" />
                      <Title LCID="1038" Text="Sales" />
                      <Title LCID="1057" Text="Sales" />
                      <Title LCID="1040" Text="Sales" />
                      <Title LCID="1041" Text="Sales" />
                      <Title LCID="1087" Text="Sales" />
                      <Title LCID="1042" Text="Sales" />
                      <Title LCID="1063" Text="Sales" />
                      <Title LCID="1062" Text="Sales" />
                      <Title LCID="1086" Text="Sales" />
                      <Title LCID="1044" Text="Sales" />
                      <Title LCID="1043" Text="Sales" />
                      <Title LCID="1045" Text="Sales" />
                      <Title LCID="1046" Text="Sales" />
                      <Title LCID="2070" Text="Sales" />
                      <Title LCID="1048" Text="Sales" />
                      <Title LCID="1049" Text="Sales" />
                      <Title LCID="1051" Text="Sales" />
                      <Title LCID="1060" Text="Sales" />
                      <Title LCID="10266" Text="Sales" />
                      <Title LCID="9242" Text="Sales" />
                      <Title LCID="1053" Text="Sales" />
                      <Title LCID="1054" Text="Sales" />
                      <Title LCID="1055" Text="Sales" />
                      <Title LCID="1058" Text="Sales" />
                      <Title LCID="1066" Text="Sales" />
                      <Title LCID="2052" Text="Sales" />
                      <Title LCID="3076" Text="Sales" />
                      <Title LCID="1028" Text="Sales" />
                    </Titles>
                  </NavBarArea>
                  <NavBarArea Id="Service">
                    <Titles>
                      <Title LCID="1033" Text="Service" />
                      <Title LCID="1025" Text="Service" />
                      <Title LCID="1026" Text="Service" />
                      <Title LCID="1027" Text="Service" />
                      <Title LCID="1029" Text="Service" />
                      <Title LCID="1030" Text="Service" />
                      <Title LCID="1031" Text="Service" />
                      <Title LCID="1032" Text="Service" />
                      <Title LCID="3082" Text="Service" />
                      <Title LCID="1061" Text="Service" />
                      <Title LCID="1069" Text="Service" />
                      <Title LCID="1035" Text="Service" />
                      <Title LCID="1036" Text="Service" />
                      <Title LCID="1110" Text="Service" />
                      <Title LCID="1037" Text="Service" />
                      <Title LCID="1081" Text="Service" />
                      <Title LCID="1050" Text="Service" />
                      <Title LCID="1038" Text="Service" />
                      <Title LCID="1057" Text="Service" />
                      <Title LCID="1040" Text="Service" />
                      <Title LCID="1041" Text="Service" />
                      <Title LCID="1087" Text="Service" />
                      <Title LCID="1042" Text="Service" />
                      <Title LCID="1063" Text="Service" />
                      <Title LCID="1062" Text="Service" />
                      <Title LCID="1086" Text="Service" />
                      <Title LCID="1044" Text="Service" />
                      <Title LCID="1043" Text="Service" />
                      <Title LCID="1045" Text="Service" />
                      <Title LCID="1046" Text="Service" />
                      <Title LCID="2070" Text="Service" />
                      <Title LCID="1048" Text="Service" />
                      <Title LCID="1049" Text="Service" />
                      <Title LCID="1051" Text="Service" />
                      <Title LCID="1060" Text="Service" />
                      <Title LCID="10266" Text="Service" />
                      <Title LCID="9242" Text="Service" />
                      <Title LCID="1053" Text="Service" />
                      <Title LCID="1054" Text="Service" />
                      <Title LCID="1055" Text="Service" />
                      <Title LCID="1058" Text="Service" />
                      <Title LCID="1066" Text="Service" />
                      <Title LCID="2052" Text="Service" />
                      <Title LCID="3076" Text="Service" />
                      <Title LCID="1028" Text="Service" />
                    </Titles>
                  </NavBarArea>
                  <NavBarArea Id="Marketing">
                    <Titles>
                      <Title LCID="1033" Text="Marketing" />
                      <Title LCID="1025" Text="Marketing" />
                      <Title LCID="1026" Text="Marketing" />
                      <Title LCID="1027" Text="Marketing" />
                      <Title LCID="1029" Text="Marketing" />
                      <Title LCID="1030" Text="Marketing" />
                      <Title LCID="1031" Text="Marketing" />
                      <Title LCID="1032" Text="Marketing" />
                      <Title LCID="3082" Text="Marketing" />
                      <Title LCID="1061" Text="Marketing" />
                      <Title LCID="1069" Text="Marketing" />
                      <Title LCID="1035" Text="Marketing" />
                      <Title LCID="1036" Text="Marketing" />
                      <Title LCID="1110" Text="Marketing" />
                      <Title LCID="1037" Text="Marketing" />
                      <Title LCID="1081" Text="Marketing" />
                      <Title LCID="1050" Text="Marketing" />
                      <Title LCID="1038" Text="Marketing" />
                      <Title LCID="1057" Text="Marketing" />
                      <Title LCID="1040" Text="Marketing" />
                      <Title LCID="1041" Text="Marketing" />
                      <Title LCID="1087" Text="Marketing" />
                      <Title LCID="1042" Text="Marketing" />
                      <Title LCID="1063" Text="Marketing" />
                      <Title LCID="1062" Text="Marketing" />
                      <Title LCID="1086" Text="Marketing" />
                      <Title LCID="1044" Text="Marketing" />
                      <Title LCID="1043" Text="Marketing" />
                      <Title LCID="1045" Text="Marketing" />
                      <Title LCID="1046" Text="Marketing" />
                      <Title LCID="2070" Text="Marketing" />
                      <Title LCID="1048" Text="Marketing" />
                      <Title LCID="1049" Text="Marketing" />
                      <Title LCID="1051" Text="Marketing" />
                      <Title LCID="1060" Text="Marketing" />
                      <Title LCID="10266" Text="Marketing" />
                      <Title LCID="9242" Text="Marketing" />
                      <Title LCID="1053" Text="Marketing" />
                      <Title LCID="1054" Text="Marketing" />
                      <Title LCID="1055" Text="Marketing" />
                      <Title LCID="1058" Text="Marketing" />
                      <Title LCID="1066" Text="Marketing" />
                      <Title LCID="2052" Text="Marketing" />
                      <Title LCID="3076" Text="Marketing" />
                      <Title LCID="1028" Text="Marketing" />
                    </Titles>
                  </NavBarArea>
                  <NavBarArea Id="ProcessCenter">
                    <Titles>
                      <Title LCID="1033" Text="Process Sessions" />
                      <Title LCID="1025" Text="Process Sessions" />
                      <Title LCID="1026" Text="Process Sessions" />
                      <Title LCID="1027" Text="Process Sessions" />
                      <Title LCID="1029" Text="Process Sessions" />
                      <Title LCID="1030" Text="Process Sessions" />
                      <Title LCID="1031" Text="Process Sessions" />
                      <Title LCID="1032" Text="Process Sessions" />
                      <Title LCID="3082" Text="Process Sessions" />
                      <Title LCID="1061" Text="Process Sessions" />
                      <Title LCID="1069" Text="Process Sessions" />
                      <Title LCID="1035" Text="Process Sessions" />
                      <Title LCID="1036" Text="Process Sessions" />
                      <Title LCID="1110" Text="Process Sessions" />
                      <Title LCID="1037" Text="Process Sessions" />
                      <Title LCID="1081" Text="Process Sessions" />
                      <Title LCID="1050" Text="Process Sessions" />
                      <Title LCID="1038" Text="Process Sessions" />
                      <Title LCID="1057" Text="Process Sessions" />
                      <Title LCID="1040" Text="Process Sessions" />
                      <Title LCID="1041" Text="Process Sessions" />
                      <Title LCID="1087" Text="Process Sessions" />
                      <Title LCID="1042" Text="Process Sessions" />
                      <Title LCID="1063" Text="Process Sessions" />
                      <Title LCID="1062" Text="Process Sessions" />
                      <Title LCID="1086" Text="Process Sessions" />
                      <Title LCID="1044" Text="Process Sessions" />
                      <Title LCID="1043" Text="Process Sessions" />
                      <Title LCID="1045" Text="Process Sessions" />
                      <Title LCID="1046" Text="Process Sessions" />
                      <Title LCID="2070" Text="Process Sessions" />
                      <Title LCID="1048" Text="Process Sessions" />
                      <Title LCID="1049" Text="Process Sessions" />
                      <Title LCID="1051" Text="Process Sessions" />
                      <Title LCID="1060" Text="Process Sessions" />
                      <Title LCID="10266" Text="Process Sessions" />
                      <Title LCID="9242" Text="Process Sessions" />
                      <Title LCID="1053" Text="Process Sessions" />
                      <Title LCID="1054" Text="Process Sessions" />
                      <Title LCID="1055" Text="Process Sessions" />
                      <Title LCID="1058" Text="Process Sessions" />
                      <Title LCID="1066" Text="Process Sessions" />
                      <Title LCID="2052" Text="Process Sessions" />
                      <Title LCID="3076" Text="Process Sessions" />
                      <Title LCID="1028" Text="Process Sessions" />
                    </Titles>
                  </NavBarArea>
                </NavBarAreas>
              </Navigation>
              <controlDescriptions>
                <controlDescription forControl="{3ff9a528-dd50-4aca-8f10-2e5ed73513ad}">
                  <customControl formFactor="2" name="MscrmControls.CardFeedContainer.CardFeedContainer">
                    <parameters>
                      <data-set name="SubGrid">
                        <ViewId>{92AFD454-0F2E-4397-A1C8-05E37C6AD699}</ViewId>
                        <IsUserView>false</IsUserView>
                        <TargetEntityType>actioncard</TargetEntityType>
                        <FilteredViewIds>{92AFD454-0F2E-4397-A1C8-05E37C6AfD699}</FilteredViewIds>
                        <EnableViewPicker>false</EnableViewPicker>
                      </data-set>
                      <EntityTypeCode static="true" type="Decimal">2</EntityTypeCode>
                      <Location static="true" type="Decimal">1</Location>
                      <msinternal.isvisibleinmocaonly static="true">true</msinternal.isvisibleinmocaonly>
                    </parameters>
                  </customControl>
                  <customControl formFactor="0" name="MscrmControls.CardFeedContainer.CardFeedContainer">
                    <parameters>
                      <data-set name="SubGrid">
                        <ViewId>{92AFD454-0F2E-4397-A1C8-05E37C6AD699}</ViewId>
                        <IsUserView>false</IsUserView>
                        <TargetEntityType>actioncard</TargetEntityType>
                        <FilteredViewIds>{92AFD454-0F2E-4397-A1C8-05E37C6AfD699}</FilteredViewIds>
                        <EnableViewPicker>false</EnableViewPicker>
                      </data-set>
                      <EntityTypeCode static="true" type="Decimal">2</EntityTypeCode>
                      <Location static="true" type="Decimal">1</Location>
                      <msinternal.isvisibleinmocaonly static="true">true</msinternal.isvisibleinmocaonly>
                    </parameters>
                  </customControl>
                  <customControl formFactor="1" name="MscrmControls.CardFeedContainer.CardFeedContainer">
                    <parameters>
                      <data-set name="SubGrid">
                        <ViewId>{92AFD454-0F2E-4397-A1C8-05E37C6AD699}</ViewId>
                        <IsUserView>false</IsUserView>
                        <TargetEntityType>actioncard</TargetEntityType>
                        <FilteredViewIds>{92AFD454-0F2E-4397-A1C8-05E37C6AfD699}</FilteredViewIds>
                        <EnableViewPicker>false</EnableViewPicker>
                      </data-set>
                      <EntityTypeCode static="true" type="Decimal">2</EntityTypeCode>
                      <Location static="true" type="Decimal">1</Location>
                      <msinternal.isvisibleinmocaonly static="true">true</msinternal.isvisibleinmocaonly>
                    </parameters>
                  </customControl>
                </controlDescription>
                <controlDescription forControl="{5ca8c570-a541-4cf4-9209-99406ba7cbdf}">
                  <customControl formFactor="0" name="MscrmControls.TalkingPointsControl.TalkingPoints">
                    <parameters>
                      <fullname>fullname</fullname>
                    </parameters>
                  </customControl>
                  <customControl formFactor="1" name="MscrmControls.TalkingPointsControl.TalkingPoints">
                    <parameters>
                      <fullname>fullname</fullname>
                    </parameters>
                  </customControl>
                  <customControl formFactor="2" name="MscrmControls.TalkingPointsControl.TalkingPoints">
                    <parameters>
                      <fullname>fullname</fullname>
                    </parameters>
                  </customControl>
                </controlDescription>
              </controlDescriptions>
              <formLibraries>
                <Library name="fjo_/Js/Contact/Concurrency.js" libraryUniqueId="{21215ee0-145d-32ba-466b-baa8d91629c5}" />
              </formLibraries>
              <DisplayConditions FallbackForm="true" Order="4">
                <Role Id="{627090ff-40a3-4053-8790-584edc5be201}" />
                <Role Id="{119f245c-3cc8-4b62-b31c-d1a046ced15d}" />
              </DisplayConditions>
            </form>
            <IsCustomizable>1</IsCustomizable>
            <CanBeDeleted>1</CanBeDeleted>
            <LocalizedNames>
              <LocalizedName description="Concurrency Test" languagecode="1033" />
            </LocalizedNames>
          </systemform>
        </forms>
      </FormXml>
      <RibbonDiffXml>
        <CustomActions />
        <Templates>
          <RibbonTemplates Id="Mscrm.Templates"></RibbonTemplates>
        </Templates>
        <CommandDefinitions />
        <RuleDefinitions>
          <TabDisplayRules />
          <DisplayRules />
          <EnableRules />
        </RuleDefinitions>
        <LocLabels />
      </RibbonDiffXml>
    </Entity>
  </Entities>
  <Roles></Roles>
  <Workflows></Workflows>
  <FieldSecurityProfiles></FieldSecurityProfiles>
  <Templates />
  <EntityMaps>
    <EntityMap>
      <EntitySource>contact</EntitySource>
      <EntityTarget>lead</EntityTarget>
      <AttributeMaps>
        <AttributeMap>
          <AttributeSource>contactid</AttributeSource>
          <AttributeTarget>parentcontactid</AttributeTarget>
        </AttributeMap>
      </AttributeMaps>
    </EntityMap>
  </EntityMaps>
  <EntityRelationships />
  <OrganizationSettings />
  <optionsets />
  <WebResources>
    <WebResource>
      <WebResourceId>{911ebc95-c268-e811-a959-0022480186c3}</WebResourceId>
      <Name>fjo_/Js/Contact/Concurrency.js</Name>
      <DisplayName>fjo_/Js/Contact/Concurrency.js</DisplayName>
      <WebResourceType>3</WebResourceType>
      <IntroducedVersion>1.0.0.0</IntroducedVersion>
      <IsEnabledForMobileClient>0</IsEnabledForMobileClient>
      <IsAvailableForMobileOffline>0</IsAvailableForMobileOffline>
      <DependencyXml>&lt;Dependencies&gt;&lt;Dependency componentType="WebResource"/&gt;&lt;/Dependencies&gt;</DependencyXml>
      <IsCustomizable>1</IsCustomizable>
      <CanBeDeleted>1</CanBeDeleted>
      <IsHidden>0</IsHidden>
      <FileName>/WebResources/fjo_JsContactConcurrencyjs911EBC95-C268-E811-A959-0022480186C3</FileName>
    </WebResource>
  </WebResources>
  <CustomControls />
  <SolutionPluginAssemblies>
    <PluginAssembly FullName="OptimisticConcurrencyPlugin, Version=1.0.0.0, Culture=neutral, PublicKeyToken=cc79b7ae445dc997" PluginAssemblyId="8463a8f6-f1ef-41ba-b6df-5db641ad8279" CustomizationLevel="1">
      <IsolationMode>2</IsolationMode>
      <SourceType>0</SourceType>
      <IntroducedVersion>1.0</IntroducedVersion>
      <FileName>/PluginAssemblies/OptimisticConcurrencyPlugin-8463A8F6-F1EF-41BA-B6DF-5DB641AD8279/OptimisticConcurrencyPlugin.dll</FileName>
      <PluginTypes>
        <PluginType AssemblyQualifiedName="OptimisticConcurrencyPlugin.ForceOptimisticConcurrencyV1, OptimisticConcurrencyPlugin, Version=1.0.0.0, Culture=neutral, PublicKeyToken=cc79b7ae445dc997" PluginTypeId="f175d058-ffa1-4659-936b-03822ba97759" Name="OptimisticConcurrencyPlugin.ForceOptimisticConcurrencyV1">
          <FriendlyName>189cabff-788f-4d58-b7bd-ab19acd238ac</FriendlyName>
        </PluginType>
        <PluginType AssemblyQualifiedName="OptimisticConcurrencyPlugin.ForceOptimisticConcurrencyV2, OptimisticConcurrencyPlugin, Version=1.0.0.0, Culture=neutral, PublicKeyToken=cc79b7ae445dc997" PluginTypeId="b3db9b6e-5958-40a2-8a27-0409e669eff1" Name="OptimisticConcurrencyPlugin.ForceOptimisticConcurrencyV2">
          <FriendlyName>f5ec7337-8f06-4181-9b28-99cfebb7f438</FriendlyName>
        </PluginType>
      </PluginTypes>
    </PluginAssembly>
  </SolutionPluginAssemblies>
  <SdkMessageProcessingSteps>
    <SdkMessageProcessingStep Name="OptimisticConcurrencyPlugin.ForceOptimisticConcurrencyV2: Update of contact" SdkMessageProcessingStepId="{71ca2bfe-c668-e811-a95a-002248010929}">
      <PluginTypeName>OptimisticConcurrencyPlugin.ForceOptimisticConcurrencyV2, OptimisticConcurrencyPlugin, Version=1.0.0.0, Culture=neutral, PublicKeyToken=cc79b7ae445dc997</PluginTypeName>
      <PluginTypeId>b3db9b6e-5958-40a2-8a27-0409e669eff1</PluginTypeId>
      <PrimaryEntity>contact</PrimaryEntity>
      <AsyncAutoDelete>0</AsyncAutoDelete>
      <Description>OptimisticConcurrencyPlugin.ForceOptimisticConcurrencyV2: Update of contact</Description>
      <FilteringAttributes>emailaddress1,firstname,lastname</FilteringAttributes>
      <InvocationSource>0</InvocationSource>
      <Mode>0</Mode>
      <Rank>1</Rank>
      <SdkMessageId>{20bebb1b-ea3e-db11-86a7-000a3a5473e8}</SdkMessageId>
      <EventHandlerTypeCode>4602</EventHandlerTypeCode>
      <Stage>10</Stage>
      <IsCustomizable>1</IsCustomizable>
      <IsHidden>0</IsHidden>
      <SupportedDeployment>0</SupportedDeployment>
      <IntroducedVersion>1.0</IntroducedVersion>
      <SdkMessageProcessingStepImages />
    </SdkMessageProcessingStep>
  </SdkMessageProcessingSteps>
  <EntityDataProviders />
  <Languages>
    <Language>1033</Language>
  </Languages>
</ImportExportXml>